Employee ID,Name,Hour Category,hoursWorked,Pay Rate,Date,Clock In,Clock Out,Lunch In,Lunch Out,Hotel Code,Position Code,Image Marked In,Image Marked Out,Flag Marked In,FlagMarkedOut,Id Marked In,Id Marked Out
74,Gershell  Roberto,01Reg,0,15,2019/05/14,08:00,,,,Brunswick ,MESERO                                                      ,https://www.elheraldo.co/sites/default/files/articulo/2017/11/16/un-gato-bebe-433.jpg,,false,,262,
74,Gershell  Roberto,01Reg,0,15,2019/05/15,,16:00,,,Brunswick ,MESERO                                                      ,,https://www.elheraldo.co/sites/default/files/articulo/2017/11/16/un-gato-bebe-433.jpg,,false,,263
81,pedro pablo,01Reg,8,15,2019/05/15,08:00,16:00,,,Brunswick ,MESERO                                                      ,https://www.elheraldo.co/sites/default/files/articulo/2017/11/16/un-gato-bebe-433.jpg,https://www.elheraldo.co/sites/default/files/articulo/2017/11/16/un-gato-bebe-433.jpg,false,false,264,265
81,pedro pablo,01Reg,8,15,2019/05/16,08:00,16:00,,,Brunswick ,MESERO                                                      ,https://www.elheraldo.co/sites/default/files/articulo/2017/11/16/un-gato-bebe-433.jpg,https://www.elheraldo.co/sites/default/files/articulo/2017/11/16/un-gato-bebe-433.jpg,false,false,266,267
35,Moises Abraham,01Reg,8,15,2019/05/16,08:00,16:00,,,Brunswick ,MESERO                                                      ,https://www.elheraldo.co/sites/default/files/articulo/2017/11/16/un-gato-bebe-433.jpg,https://www.elheraldo.co/sites/default/files/articulo/2017/11/16/un-gato-bebe-433.jpg,false,false,268,269
77,user uno,01Reg,8,15,2019/05/03,08:00,16:00,,,Brunswick ,MESERO                                                      ,https://www.elheraldo.co/sites/default/files/articulo/2017/11/16/un-gato-bebe-433.jpg,https://www.elheraldo.co/sites/default/files/articulo/2017/11/16/un-gato-bebe-433.jpg,false,false,273,274